<?xml version="1.0" encoding="utf-8"?>
<UpdateInformation xmlns:xsd="http://www.w3.org/2001/XMLSchema" xmlns:xsi="http://www.w3.org/2001/XMLSchema-instance" >
  <Version>1.4.29.0</Version>
  <MinManifestRequired>338</MinManifestRequired>
  <CommunityURL>http://cdn.mysql.com/Downloads/MySQLInstaller/mysql-installer-update-1.4.29.0-Community.msi</CommunityURL>
  <CommunityHash>04E1968B03D4AB272F59C49912DA48BD2BB8E32D</CommunityHash>
  <CommercialURL>https://updates.oracle.com/Orion/Services/download/p29448962_140_WINNT.zip?aru=22782155&amp;patch_file=p29448962_140_WINNT.zip</CommercialURL>
  <CommercialHash>208AC32CE0CF9CA77E11D8970131260AD4A11471</CommercialHash>
</UpdateInformation>
